<?xml version="1.0" encoding="utf-8" ?><root version="1" name="root"><group name="default"><link name="CommonSchema" class="schema.autodesk.data.1.resource"><time name="created">2020-03-21T19:33:16Z</time><bool name="interop%20content">0</bool><uri name="name">CommonSchema.xml</uri><string name="type">application/xml</string></link><link name="GenericSchema" class="schema.autodesk.data.1.resource"><time name="created">2020-03-21T19:33:16Z</time><bool name="interop%20content">0</bool><uri name="name">GenericSchema.xml</uri><string name="type">application/xml</string></link><link name="RenderMaterialSchema" class="schema.autodesk.data.1.resource"><time name="created">2020-03-21T19:33:16Z</time><bool name="interop%20content">0</bool><uri name="name">RenderMaterialSchema.xml</uri><string name="type">application/xml</string></link></group></root>